{"version":18,"hash":{"type":"Buffer","data":"k+G3MAm9f1edjEgc0ALTUiXIM4jXsMa8+x77QGr6ujd0DIotM1THYRHEYN1oFvvvJdFaf9NMrKtf3S24IaVDM179Bdlu2uW/yKNz4z72SldDHG9iUA/eKChpIcDR9B9wKKXf1j2BWxI/GBpTnlFDBXsV0RR1gYgBk+AcM25IbS4="},"indexValueMap":{"A1gYkeY8NJKy2If2InMwik83WuStFW3XWlk9DWAsxWo=":{"valueMac":{"type":"Buffer","data":"zcd7pneXKvRL6wieAmVrNH+ekptWsR7HYrPGRiFyxQE="}},"BRwBA1yoBcdJFbBQj8Fc0aQQrsx69fxgJIPiuug7Edk=":{"valueMac":{"type":"Buffer","data":"w/acIJ3CZD/0EgA+O5R/EKWxMr+EJao4Lke20BZ7xkc="}},"CGZJ67lhHZgLVvKxUvDQtM6ChwMo4gUyIYk5VZR1Cfo=":{"valueMac":{"type":"Buffer","data":"uTs9UAigy6pZT/YyZ3na3x4rlchjBSdsW2iTbakIz78="}},"CInjSO6Ey6ArfmEDxn9c2gGYMS1/99wPmNGYpIYollc=":{"valueMac":{"type":"Buffer","data":"N2C69iwHGmesT5GT1K832u2erYI3zrAaFhJA/ZAxvkg="}},"C0IxkmG7hvv4aPyVsvNXEhALY3F9VFeRVKgtKYo7RWc=":{"valueMac":{"type":"Buffer","data":"NyLIT8IiZMpystrYEcoQXfXCVEkCSvMwIZ7kVpaSBFA="}},"DByXeBY6q9wdjYRGfei9UCHFXf91d6c91Bln5WOHbow=":{"valueMac":{"type":"Buffer","data":"yab6bAUBrwzLJ3oSx9x17rJh0jNjIKYDCwqpqFzy+4A="}},"Dt1CQXoxkI/a5oaCn1vBB4Nw65Oa0M3fEVThnibt1iE=":{"valueMac":{"type":"Buffer","data":"JUC3hWJsNlieFPNH+gh41onKXL3OLDUkjrSIsVOEcgA="}},"EfNJlEpF6ffFM0v2duHOyYnRl4VLH5wVwnRgxt7kFTo=":{"valueMac":{"type":"Buffer","data":"mACSWEECAXXX1apo39k6cd0uiyGT1fcf+xci9s+YQoY="}},"EqIxaQzRZvTClxqUAoEJAqJP5tQ+untYoDav4n2vWKg=":{"valueMac":{"type":"Buffer","data":"QSGfpNq4QW/SERytOlsQBePqrDGBbTqdn8Sc3UcnmbU="}},"FEkKEiiWv4dLUWE0n5sIpXcKDiKMIjAmI3X0EwvHwHs=":{"valueMac":{"type":"Buffer","data":"ySO5IGSn+Qlwpzaa88CsSJW4ttj6roYCWTTExXN4I30="}},"FgueSjRg1m9VaheMx/WO5QJ/uup0c1vC/fUoCtZjBfU=":{"valueMac":{"type":"Buffer","data":"3ov6kCASPl6sfd8RCApJOPOcdGQ9TYxUlOdqgL6DCcw="}},"GNf98cF7TL7d7xpfXG3HEltpNRuW/lxh1x0tkxOgZlk=":{"valueMac":{"type":"Buffer","data":"0VBq4VPAYvm/keI7KX3SOys42FWNE1x+VNpNkfjGWM0="}},"G+90wCoull28ph8cgnSJrO2F1Vc04q3VAzabYazU8dk=":{"valueMac":{"type":"Buffer","data":"FVsnvSSXge8XHwFSUp8ZpkyMpYCoeUYk0iqiYvCWKZk="}},"HNGONTWlq66MoLRr3+hO92w+++/vZ5kvZjZV9yIkT6s=":{"valueMac":{"type":"Buffer","data":"DtCd4OOwSw8vK3xuUc+FWHrvogyEj9PE0R+kCBE1LUw="}},"HRk3X1Qr3+j9bLvSvcGJViC8gpbnwEMbBEhErf4dpPI=":{"valueMac":{"type":"Buffer","data":"Ge3LV6UffrhsbzWGfThELggHAZRfWMV6htTQC4y4TJo="}},"IQs1t8G1ax5FaSNBDfAzHTb2PZAtE3NW/p5C3K5Wek8=":{"valueMac":{"type":"Buffer","data":"YXy5p7HUw3k7Je0sF6A6oCaJpzlInyfZVpREJDj86F0="}},"I+ZWgfmFI+zIstzAWItV546ddmWF/eXk+SBcjzA01DQ=":{"valueMac":{"type":"Buffer","data":"m8dfGQDncJ0mbMN+nBoigVbFLB/ZT0iLTUW0dj8JuDU="}},"JJosrwUyVjzgihFcc3TrRvSNkm+TfidHUe46XudDhE8=":{"valueMac":{"type":"Buffer","data":"syBNKJzSiHPmgWDSddSdUgtpe3KxrRifs+TxeVg90m8="}},"K1GrzRfuxazzS3yBcOwKCHGClmviT6ExUU+IzBGyKZM=":{"valueMac":{"type":"Buffer","data":"LfM6CUEaItXCgO3eiNQHGOq1R+e4hRJJGUmXiSUJ1UU="}},"K4WLipCUfuhAARX1azHiM8KoI6fVvRvPOO8Jaetcj6c=":{"valueMac":{"type":"Buffer","data":"8+4XKdndSElWHEFIEmN2LHq9r6hVd7aAvEmV832ffDg="}},"LgUxNWdLx8n+MILYIc68l10u7sFJIQqZlMXBP68YKts=":{"valueMac":{"type":"Buffer","data":"9N6mM8tIbWgNY8+qGY+2ZoBj2yhfUFpv6VYm9oVPVXk="}},"Mu5BFlzB6+6R0FJS9JWPDrXTwfqwH4DjxciMQcqny54=":{"valueMac":{"type":"Buffer","data":"UmhhRzJ+/qnLY2fvL2a+XuQu2YPNiXLVgz+0beK6sic="}},"M6FpZyBagTzsnkpD2XvvOSd8ZlQGbnk05tcCjgVubQM=":{"valueMac":{"type":"Buffer","data":"ee6yReyL+I5u9WNqhjyddvbwDlKpfYaMF9XwGCuUBQQ="}},"NhahP6+t+GJ4LNIoz2Cb48DiNi9pxOq2bqshFFyOU8M=":{"valueMac":{"type":"Buffer","data":"cIyPfBHHXkUxP8u6aDORvHT2hcHrpgBFAhFz4rxnlG4="}},"N8LrLP2AXd8U+5eSAkMgItXbSdD2xmCv+CxzFZe8hvM=":{"valueMac":{"type":"Buffer","data":"pxB/ay9jmulRqj/CfkpjNeIGSVLuRFxJWR5V/mEqyKg="}},"QI+knRDM9hWHLx4wMPeovSt0DwMDdnWdecRA82UGekw=":{"valueMac":{"type":"Buffer","data":"0bRHN5noX2K74kQY9zDDWjWt/6A06T8x0ks4aTqvwzk="}},"QLzSTBb7LfFDDZGmOeAPJnm9tsrOprWvtAHrCwoniMg=":{"valueMac":{"type":"Buffer","data":"LZqAujdcSnxAlQsykkigvTvpGfmN4f5+nHX+SCVWfcw="}},"Q6lhxVmXnZaP3gV2ejf8gT2IqaFrqmMVvavozscmnO8=":{"valueMac":{"type":"Buffer","data":"SwzW/+BqVUNDXoO8YVzGHS2xduaRIjlbUw1h72KPO8Q="}},"SSynDhnj6oHLhIoXxUvySmiOwbySB53dMbZYoH2iHg4=":{"valueMac":{"type":"Buffer","data":"bCsQF9wT+4Yw+iz/V5K4TmahxGFmDhOxfsAFlgsdhL4="}},"UJj4ZB/5ZlznMnbjfzrqTyz7u0gson0d/KJmzf/GfWM=":{"valueMac":{"type":"Buffer","data":"juCc8UTNOhqFtRJD8p7azDqwz2EeIXaKeRnAMhQz3q4="}},"UJ/w5d/3rzYUGYFlHj6jv5EleHclLHn/YBBnTAEe/nY=":{"valueMac":{"type":"Buffer","data":"cxMMMFKv1hZ9pdaz+5KOa4ceTaVGdrBNbhVMjIRx3KI="}},"UKy9q5hPhJrKJoqqCRCp86gqJs591vudpRWJCwxY1Dc=":{"valueMac":{"type":"Buffer","data":"gpZylOyPgBnHoScL8ctvq0uIuEPJ7CJ+hwuyXijJH30="}},"Uc+Azi+cLuV7dlWEaGgpc8eG6QADzdxYxQXlACfrRZo=":{"valueMac":{"type":"Buffer","data":"kXrI1TKWuJvfYEcLm97Qjfsp7+THjGpBa4y6dOwPzdM="}},"VScOKZ9v9Xwm7n2GBNVuWJqjKOsNwFT3VExjSJBichg=":{"valueMac":{"type":"Buffer","data":"YbxjMUSy6bZLFSJ4BuHeT2sJfhcIXD9bCIoCKk5qWRQ="}},"Voac0NBDpbZRZPykojfaJhoRGcQp3Okzia+5zn/U2h0=":{"valueMac":{"type":"Buffer","data":"EqqSF4mHfw5ikTiGB3srxZjysZJI77BmNm0ubIyUGD8="}},"Wg3t8R99ifs7pt0FQllDGZnOy4VVpE4ouWUTXQ1T/00=":{"valueMac":{"type":"Buffer","data":"TcBIL4UHFLNHKGHO5Vzq0JXznUO3l7L7wbyWGYMKCHA="}},"WpZ5suMfmQ4Q8iC4tRK6QWI8O1xHlExNIhJ0pNZEClE=":{"valueMac":{"type":"Buffer","data":"xNsj22ZoarkRpJdFDX7+irHPHyIgykAD0itBfniw9zM="}},"XG6f6TSmT5SPRSCKE9b5ka54tP1jP5FYocakzcqsMCo=":{"valueMac":{"type":"Buffer","data":"VTwBfjnA9/Cbz1P+TNwMLZ/szO+1Y+iQ/5kn3XeAqOA="}},"X/XcXHhzdQhpXcpBdLN/KXzjWIm1pfv1u2xoxLbNUKw=":{"valueMac":{"type":"Buffer","data":"kIUV2E1q/DNU7OpbgIJBKX6RKGLrWKg67iqoJoxFJpQ="}},"YaIjCAUnbTxycneCTXLC/XqpWcVEwarqqXHZbVcfEc4=":{"valueMac":{"type":"Buffer","data":"EBsmAGZdTEdAOWNQrhFs81f8v3T6VTJ6Sgfkc/qVFAc="}},"ZCL089rXPVEhqKerxGidV8ZQYqRZfnz+6UkyEYnJhF4=":{"valueMac":{"type":"Buffer","data":"XE25V8fmI9zmO9KqzwxZF3AO1o3afXNQ1rrlJprJmtw="}},"ZD9Ui2W0ORrQm8myT7seVmx7Dx6ihXE5g5gK+am9YBo=":{"valueMac":{"type":"Buffer","data":"WSP1K4Xh3KxddygplZ04kOnLPOsH8NvYVedd5N2Aq10="}},"ZFQAORCUla+dgTPqT+ZDd97uIbKUYke2DCQp53rjF34=":{"valueMac":{"type":"Buffer","data":"pPuBl6xCypt4yDFf0uCCrQ0x8LUkNC4LVqCR8w68ucs="}},"ZGDSJQhnpA92a9yRti6nSTgP+hBbr4yg5y8GuD0AvME=":{"valueMac":{"type":"Buffer","data":"UVpJ7DaowNFotMo2CalPwNaoRSr5lB05Lv1lGtv+fuI="}},"bZijSTq5392Tgk3Kb9h9lSyI/KPrG2ndVTvtMEWIFlU=":{"valueMac":{"type":"Buffer","data":"yvHbQxwVAWFJNc9NTiGV/AYzh3X7q+QjstCs5bkVcaM="}},"bu9N4s5p+VlU9ZtE69T9Tvm8rsfWpKm3e1ifW9K4A84=":{"valueMac":{"type":"Buffer","data":"TghRm0ewwMchtDl++DjZ6bK+73j18UoMbO0pJ+v6TQ4="}},"cCqqguX0y/v19fIdbKh6cfqmvtq0GPJJFRmQJq+jBH0=":{"valueMac":{"type":"Buffer","data":"nb2SYOmct4n2rOmB2HPATdWIJNueOfTtnHSpXVfGTLw="}},"edo3A+TLID5CFvfyLFevM20YPm5Lzq4vKwgD9PmDQTw=":{"valueMac":{"type":"Buffer","data":"JjGIWfUQgpalUV1mG51ekveiJFMTDo+MPx5Bm+3T67o="}},"evL+CGEtm3rjZelWZsssNtg8MsDSmTtLgOD4m1uj428=":{"valueMac":{"type":"Buffer","data":"HQNmpEwHZqhtPCQDm54bSF/ypFyVgeXvMyY2Pr5sS+I="}},"gSbqQkzHLChc5IQu2QTeTKt87LD3WS6yj+1OEaHVPQU=":{"valueMac":{"type":"Buffer","data":"wBYRkbDlqGKDURtUccIumMV5SO6TT1QDY6ibNNvI+Ko="}},"guz/DxZBxV7cmI+mbd7Zhaiq8Ti8mA8cTDIOrwKn+Uo=":{"valueMac":{"type":"Buffer","data":"cTKT7PQc+ngCX7AJ3C+UBlHHbf9jwGqLBpqNmbLGaBg="}},"g3Gz5UgpwAHkl0fXIi+eHcaurH9qRdlcOPkk1nP35Hs=":{"valueMac":{"type":"Buffer","data":"1Y2ABo0V4gLTTzwMlnMEWgIN6+92g/ZFv0njgeOLgHM="}},"jVHBXs+FKv+7tazEKrtgcgwhVLu9dfl05LXZNEABEys=":{"valueMac":{"type":"Buffer","data":"x3isgRzuhTi5Xu6PZZuE/4eromJxzcZ3TWegb+D51Ls="}},"lbMKoKK1VDa81aLWjxmqliCw8nL/re2MYhQXaINHX0k=":{"valueMac":{"type":"Buffer","data":"svqrXsfd6k2cP42j2Xc1HY63Tf/79vo439bgJsWOq0I="}},"m8VvRuSeBfo3zHxdBhrVMTL6m4C7kXYP0LXUOVA50p4=":{"valueMac":{"type":"Buffer","data":"qBg2NOWnUGTzckI9+MUovNlZIeOhXO+N8JRcEcDwsZc="}},"nkXqYL26EG1P4ykBilxTU4JPgIfd+DgnvQlIOelX2LM=":{"valueMac":{"type":"Buffer","data":"xbvGsvLALn+C0gHuicOhX6aZrqYC8Vrd53930PVeNt8="}},"nv6E2l7wQSsdJwBkjCkoxeo6fSlSvuFovNnWsb8iYYA=":{"valueMac":{"type":"Buffer","data":"X+ntIKAX3dl7ftTWl/DyL33alfc/StJWLEYNJ7WSNdQ="}},"oRZBQKEhJNACInY50ytiMK11x0irm23y/vZ+qkh0mfw=":{"valueMac":{"type":"Buffer","data":"YTS29AcsFubo7iMvQQqaS4xZqDU21ASJOresbWTAHEQ="}},"pEyXnHXPsVxA6O3CTsKIm+ZsZlX6pP4KbnRmrjFtqwc=":{"valueMac":{"type":"Buffer","data":"HL7cgswhUDFfinrtUeARopgH4o6GCSZBQbllca/W47g="}},"pThPStMccjnsrXBWeZVE4iTmrSFSiXyVyl/fAnZr3o0=":{"valueMac":{"type":"Buffer","data":"HOEjeqH7E1Bj5l2nrZlgN+YRCk9l1CCzXKSgN8USeYc="}},"peYHib0aekDWLUi8yXk4QU8/e8YDafeb/sPLgUgvLOU=":{"valueMac":{"type":"Buffer","data":"b9gJ/UCgJqgvNpaMEyXWG/JgMzhzaIluvuAI80lx3eQ="}},"qAJjhPDAp3HxuLPCAys/Xxp3KZE0Ek8imfEFCg+5pjY=":{"valueMac":{"type":"Buffer","data":"SsCZTp+kWRH7I3xCDPlBo4nXquYi2reRgBi+yXSzzlg="}},"q26V22CcM3oq0z03Ad57gH+p+zjS9Z3ksik2KrzaX3o=":{"valueMac":{"type":"Buffer","data":"DYZqmgOUasyh/rO+jlRraWg6ah6eYqrfjTTahgnbZR4="}},"rj0T49fGmBYK07R4qObwNPpdpLAlTO0XxzbgMy9XeE0=":{"valueMac":{"type":"Buffer","data":"raceUIvVZ8lcPXM/dby5/bW3P6kQ5cg/QjKYKsNfHOw="}},"seGqOUyPsYWBO7dvDxstrTgrFRoJVIVFzgXYB87lDm8=":{"valueMac":{"type":"Buffer","data":"wKgDLWzr3bS+a4p203F3tufOZaNkRn8peP1TbuBaP4E="}},"tB7/2OUI/ZWjL/TfOpNcDvZN5PtxY66YVdAtMvIpKMo=":{"valueMac":{"type":"Buffer","data":"+K/EvaN9oNqkb/GeBXmbnkScpa3MZ5DZzn0zylDAlQ0="}},"tN77ubBqbyqfLrgEMEF3vc2c/u7VAW5cyy41SMk+3Bo=":{"valueMac":{"type":"Buffer","data":"mbBkWjsj426yEjNyapIMJjVVFDRfA094FaajRmXsD2Q="}},"tWkVYvR+KjLskyasRoVYHMBTyjf+W4RZyegYXq5Qtfg=":{"valueMac":{"type":"Buffer","data":"5QlKKlR4vY9mpNCFy1AucBMq1Oj6Eg3+oBTcqqvPahY="}},"uNVNQS2njj+HT9tAtdukR7wnkcb7u4C2rW7d81D/4+Q=":{"valueMac":{"type":"Buffer","data":"X74FYilda9r4dAjQdE6HDOLEDMq8gvlJCRw73soHa88="}},"uV1hy3zq0bloAYqYzSm/PHi9TxLobTFuoBdCDbcR2Uk=":{"valueMac":{"type":"Buffer","data":"QbvPa1CMRQueRAUpgcoHxwSPx7iS2ap4ar33bfseA4c="}},"uWc7lTFKSAxTPzL5nyvdwL9PMzncmrnpdKCh/+w9ZGA=":{"valueMac":{"type":"Buffer","data":"ng/7K+m+Hd0ehiNX8OGCU6GvdHJOcPUWl5Mo6Ss8TaY="}},"vsDFJ4kErhpwaDexrtzEx2PnjHKXJqHZc2ZT7T3Ljzc=":{"valueMac":{"type":"Buffer","data":"yIgnIAKCJlHWOrSwnauFXi+/NTKTNpJs9udFSkLa6Pg="}},"vy/csh9WJdCxjqspVwrgVFP2exNVAfQZXr12gz9Xav4=":{"valueMac":{"type":"Buffer","data":"fqPukyyIZvMnuUJRl1a/BGshYblEcCZeGLFvudZxwXQ="}},"w+WkpuwkJ3ljjFzQM4yQMKQHPVeSJQmzXkmSMbfRVLY=":{"valueMac":{"type":"Buffer","data":"CmQD0vYo5GiXcnxYgwrs5n98rD6JuYO65D789TQUf/s="}},"xNecy1t2uWY1QXGvCtz/JRh3GSuZRGDixphkBvXeOSc=":{"valueMac":{"type":"Buffer","data":"/8FhmtOAXHQLTgk0TFO4JpdwIMTIiIeVO/TZxpSoGQE="}},"xh0YGX9Oqhm6Uz+Qa0sZpEKz8igFMw7Hv56QckxBp3Q=":{"valueMac":{"type":"Buffer","data":"KSCi3X7IZvLTrANxb0Qd3+cXuqjRftgE6P3c9ULoqPA="}},"xngvh2K0J+Z3ci6InXeZkYUf1B19el5cdIJMG6thj94=":{"valueMac":{"type":"Buffer","data":"WpyoXcU4BcFwrv8MztcjBCoRjaVElYd5/Lu6wTlWwR8="}},"yFxchSjkkfjodiAj/GvDPrD5zPfKH/nVjwO8uUfSVMQ=":{"valueMac":{"type":"Buffer","data":"S+6MikXxM04eo0NoRzDQlLCxCQhVKqcgte5YWJ8zGHo="}},"zLZPh0mJQncYdwYHo2A6mLxz4kAZvcnpdCcrRfJJ6fY=":{"valueMac":{"type":"Buffer","data":"uaLCi9FT89sbJyRrJe71Wm2xI8ZLxPDmQ3NpZqX8WkA="}},"zr6uxcL6ehKnPAn78MI3btSqiZgwsDQv0FfUWPak3tY=":{"valueMac":{"type":"Buffer","data":"q4i5Fz7uDB+zu4/ZuFD3AI+S2FXZ8oiq2QgrputqinE="}},"0UDGUVD8CFYk9knQHsBLPpJg9KGaFS7D+18Nr6JMSlE=":{"valueMac":{"type":"Buffer","data":"DebZbDxe/VH8ToLqf7tUOMPPLzg5K+AEF53ZiPt8Fww="}},"0l92iYqisSYQctCrHC2+QvueH4Eb/kIxIaCNLUW6oTM=":{"valueMac":{"type":"Buffer","data":"CUklE76NmLiJQoTfa8a1T6vX36u9mOBSIGWTUeedpic="}},"0uVY+1lnl79qCFMoLCRzsz0xeiAco+PFARiy5Wqa7QM=":{"valueMac":{"type":"Buffer","data":"PSe3laIx+BgwtskrF8tyHdtFhdh75+blDC9+Cnuvd60="}},"1U1fJdu52iDstDX3zEVGo89oKVb6ptNscSKXOlsVBdk=":{"valueMac":{"type":"Buffer","data":"vPDZmzc9+s4ilU3ZSy0aw8vMUblq742xQsfpVn/+OYc="}},"1bo2eQE9gud2P4IODXyH5LM77lXcgDmIDx88TzDrg44=":{"valueMac":{"type":"Buffer","data":"Z+vowDvLIagh3RDG5bNqUGFv4zFt10R8w+N1IT1FYtw="}},"1mLpj+q9FrmxZzTY64/cdh9w/tmK6+xeER98/UjIQX8=":{"valueMac":{"type":"Buffer","data":"kQa8C3YvVgHbFo3CBd70MXmn4ehYc8NCDIdBMBsYWi4="}},"1r9gd1dvdSTr4v+ItGOjOlZM9234v5V0x0e0DvfZc2U=":{"valueMac":{"type":"Buffer","data":"HcVgo76fDBc07N+lhJKDIKeooyPFk6hyB2h2K47yA3o="}},"2dN8ZJB4y5xgCRfSA9gqX0weDUSzWoX8ktD6GhVsjGo=":{"valueMac":{"type":"Buffer","data":"kGqpx0bUChK/zLbUXNtMAi3iKTOPk8luBNYL9EDUUS8="}},"3aPMGvu2fcI/iatL6DZhQffNvgQV+gPn/8dCGhJ2A9g=":{"valueMac":{"type":"Buffer","data":"2X7euy42qOH/9jRldzLSV8NDCXe5YoA9V6wIwyeTI1E="}},"5qiqjZqyt/M9jPrBk4z+NagzmR+SANe7N1gLZt7/sSc=":{"valueMac":{"type":"Buffer","data":"4zwEsotT/EK5rTVdIW+gm7+FOBrkP+9WkIOcGOOdAAQ="}},"59/HFXwqHQ2KPorGmCjgAiaDs3Xky9/53nTppjAF4bo=":{"valueMac":{"type":"Buffer","data":"Y3j/Js+VgotA+Rk4+QyGZpmnrLKWiSWFYWTj8voqilI="}},"6wVPuFpZX/y0IZSUNft8JxgMS/OpgHOlY8dbjzXmTvc=":{"valueMac":{"type":"Buffer","data":"FxNm2KV7jx2E9arZgshfcqE2dtdV0ovsqxPzH/AK7lY="}},"66F9NV3A3uVe05fO2pVstf17028O7+AG5SxtblHJFJo=":{"valueMac":{"type":"Buffer","data":"s9FxtOXZgC3Lr5EzWZt1kkZJVLYdY5i1lxGvZVgznao="}},"7ZZjZ0Ka/nkfmB9doSgsbkCnmpkU4xkNeYcHV6zL1yA=":{"valueMac":{"type":"Buffer","data":"wqkrhDevAtsxebTTWzag86Fc1okdlqKeaKKWlgGBG5I="}},"+jfPdeM1X/zlXm9oIHAXzUgpJ8gS6Z3uBt6ceTYifKM=":{"valueMac":{"type":"Buffer","data":"GwYcfQnvyq1105juEQQ1aVQ+vTF5urbM/NpBDYGCBmQ="}},"/F+VCuvmBolwaNHakszbjrNNzXoHkyytVKy/8SMIhGc=":{"valueMac":{"type":"Buffer","data":"jv5iyqGzxgt/kwu0L8JfAL3PvAjlEX8YeThkPZutvkk="}},"Ea703EgvY05WAoxNt+L37bvDS1W57FtuUCaImJbFDUI=":{"valueMac":{"type":"Buffer","data":"ZcjNm9b0Nwu0gT3NQl/jb4X65AESB8NzgiEl8J31bUM="}},"bbYg3pzd3ZP5aX3/4hY+m6rVV/nYJvfg3JdniOoOxzc=":{"valueMac":{"type":"Buffer","data":"L1N0Rl/ig6S6MOj/kVviukQ8U+xsGOawX80dREv3nog="}},"hnL8PY80crHgtLLBc8RYZHxjmF8/s762v72kZHzNrLM=":{"valueMac":{"type":"Buffer","data":"2aP8hCdq+szU0SJck3oSFSS/Ww5320vvzAdUyidlR60="}},"yANAeboL+zTGNETogZA+lhKZ19+6UsdiGgvadtmy8pM=":{"valueMac":{"type":"Buffer","data":"lmaJRvjJlwD+JOqJAMpzDCx2kSr+EqQ0+KAvU9OQm84="}}}}