{"version":2,"hash":{"type":"Buffer","data":"2G0F6PACcoQoS2/WZJH4HiPTdSd2bcu2IkP+U92gfl0PDSWUQDNcBA5qdxC1g567MKqdoNcQxSpKIJRvQ2AN3UlxDc7NtPIrW/8ztt/tEjVhmsZDhvnDZmEWCouPMXpOBRCHRUhSLaJR9qYs+c6J/YwqfXC6T9ctCViT233sR/Y="},"indexValueMap":{"V85wlj+pH32pWLPSNAFep9vsIKQhYSWxN3lHYjDQJr4=":{"valueMac":{"type":"Buffer","data":"3O/k690cb2TSf08cCzmXfp969F6/kyfXeK2jv0IYT/I="}},"dj9rifRSH2qvoiR8OXv9dEtuT9o3XZX8//isPYlsFUo=":{"valueMac":{"type":"Buffer","data":"guNlZ0KNTzat790MLzLutAu4Y6soOgamzEKm3SF7was="}},"syzHzew/OUeDSg6F6oFJ6+Ui1MxGwBx/4p2QfJw4UT8=":{"valueMac":{"type":"Buffer","data":"zm5zWrjNqDUMpyo4JvoFhItccADygP92VZ2cBeq+AQ0="}}}}