{"version":2,"hash":{"type":"Buffer","data":"Tw6NUKqbZr34omZpCWmQSdkELlDmC80OM0DZUwAnDv2cW4zxoWFBAjMUdrFUOI7ejnlXQLfvTaz9BzcbxZUdD2W/vurdMcHsIMyh5lSM+6nBAN9/5AljAX9ZNAM6+BcgBSUd/xw+ePn4VPpeWvlVyJv/F1N2CVkohKz6XGVFF4k="},"indexValueMap":{"dSkLahMdRbowL9FVpoZ3y1Ic8FIS2+mdCEk3M7K02x0=":{"valueMac":{"type":"Buffer","data":"6CJsd+22lN5eHgtkvHZfgUa/teS7Gy+bF10Ase72sxY="}},"kYiS3LFcRQm74baW7Kz4JgKGFzCcRFpxh8DWPdLwzO0=":{"valueMac":{"type":"Buffer","data":"+WM+JQhj5J5zAr0zqTnDwVhfEEyyR6LMzpIiHx4tajg="}},"qLB10GW69P+yCNRpypM8p+EsOnroFWhgJk/L8SWdjg0=":{"valueMac":{"type":"Buffer","data":"WwAB7QnP756Zi4KV6j6s7YcC+GtTm0On8UkIXrF1mQU="}},"2IKeISH8d9hUyzMup4iwMTHfeUJzurHRqFj9icYYhIQ=":{"valueMac":{"type":"Buffer","data":"LW4SJZIz+l4d5Emd7dlFK+TCaP9j3SPUOgkkT+SjMf4="}},"30CJJe9gTmwZvEh5bjA4YC36WueHb7LbiF/4hXi11D4=":{"valueMac":{"type":"Buffer","data":"wAeXzS8o72/tcqqa6EoFwnD+l2yQPXQ22/cQCradlNc="}},"6YOplnAZZyM89pHNLleh5AinYHJ7D5TlrauBqDLsPTM=":{"valueMac":{"type":"Buffer","data":"gQ4wvn67z7LA8DJzAf1vAXkBYwYNrpu2+byn9U4Vv60="}}}}