{"noiseKey":{"private":{"type":"Buffer","data":"oPSwVeLuI1WME0K2vyDW1H3HAAbK7Cq3zrM9UE9pvHc="},"public":{"type":"Buffer","data":"ZwwTCX7SfVuMG1K2vwQPv4xuCKsnFwMWCcpncTmDcB4="}},"pairingEphemeralKeyPair":{"private":{"type":"Buffer","data":"8BLLcuyYmCm0nw0QmBU71gTWaGZkej1k0naB8V0vWUI="},"public":{"type":"Buffer","data":"MOXZJ22Gq7G1tZMnJEyPqoh9KSVG8q5RfLwvCwo2BnQ="}},"signedIdentityKey":{"private":{"type":"Buffer","data":"MP56o51hnmTu5pJtPts1xfsOELTe+cFEp7xUw9ugjXk="},"public":{"type":"Buffer","data":"lS5qOjwvTOvjNZ/xuoc/LIxG6wzZZasJPPZiHOU9iG8="}},"signedPreKey":{"keyPair":{"private":{"type":"Buffer","data":"cJsOl+hwKEsWd4fhpHDdRVIsklGHpZcmBFCmId6/MUQ="},"public":{"type":"Buffer","data":"kjfLwEkGXZsd+nulSM1DHoLDXywDOn7Qwjx+vcP66VM="}},"signature":{"type":"Buffer","data":"tgfo6rV29fleIPOe1Ez4YkrrmsypfmVKGblTwqYbz3ZopZoDLUY0CBNOfWWFlAc7Mo/pBLtJUBvqs9eTGiIShw=="},"keyId":1},"registrationId":191,"advSecretKey":"mpLvz9TbCe7CtXo1xOGCRclyftGD1uKMC2+EutVu1R8=","processedHistoryMessages":[{"key":{"remoteJid":"6289502122642@s.whatsapp.net","fromMe":true,"id":"9C0DFF45029755CF7002D1436D1DF5EE"},"messageTimestamp":1746342571},{"key":{"remoteJid":"6289502122642@s.whatsapp.net","fromMe":true,"id":"86336462BA9D527761EF8A66E456D1C5"},"messageTimestamp":1746342573},{"key":{"remoteJid":"6289502122642@s.whatsapp.net","fromMe":true,"id":"552C14E0E74FA878696BEF01077C3B41"},"messageTimestamp":1746342586},{"key":{"remoteJid":"6289502122642@s.whatsapp.net","fromMe":true,"id":"8F094FE919CEC8AAF52B3B0E5113ECBA"},"messageTimestamp":1746342588}],"nextPreKeyId":31,"firstUnuploadedPreKeyId":31,"accountSyncCounter":1,"accountSettings":{"unarchiveChats":false},"deviceId":"-WvyF_FITluD2PiiZreZZQ","phoneId":"7b53abd9-4fc6-458d-8dec-f82b5537687c","identityId":{"type":"Buffer","data":"4gWH7bhQ/m4syFItrOa0pSP0Ly8="},"registered":true,"backupToken":{"type":"Buffer","data":"k3FxE8qF0pa/Zx1ego1CC2nRKqg="},"registration":{},"pairingCode":"T3Q68C5D","me":{"id":"6289502122642:41@s.whatsapp.net","lid":"233118560735344:41@lid","name":"♥ sora kasugano 🐼 ♥"},"account":{"details":"CP3+yoIGEJ+l3MAGGAIgACgA","accountSignatureKey":"1C+zp2gB2+iL3CC1Pbzmo/OuPC2Gbh41X5qx2IluCXA=","accountSignature":"WPcZgX9zhp3eqOjm49QAWI6XvF6VBNApBBUXmcA+utiHNmGKvhQaptnNSUmfghP1RWGy0v1z1PEbLxF6Yk3xAw==","deviceSignature":"vE/BHYVAQq5spk6l2BhhklEWqB/8CoDhzP+UlzgeqLHwhVTUuOwc94lknmWwFeeaTVtBix6+uJNipuQ+LSm9gg=="},"signalIdentities":[{"identifier":{"name":"6289502122642:41@s.whatsapp.net","deviceId":0},"identifierKey":{"type":"Buffer","data":"BdQvs6doAdvoi9wgtT285qPzrjwthm4eNV+asdiJbglw"}}],"platform":"android","routingInfo":{"type":"Buffer","data":"CBIIAg=="},"lastAccountSyncTimestamp":1746343008,"myAppStateKeyId":"AAAAAGbc"}