{"_sessions":{"Ba6bLhw74nLbOVEDbeyBLV12MhRE1vecW5tWGU5Q788x":{"registrationId":272131271,"currentRatchet":{"ephemeralKeyPair":{"pubKey":"BUYu2DncfEPZbSW505a/X+qWVDEDujk75sVDtVcHGK4w","privKey":"mOyfKD07ohGDXzl1JKVT3cexwCODQQBY2RNWV9gMa0U="},"lastRemoteEphemeralKey":"BSNWo1L70dYUadKR2qmKL7qyly8q4eYP9wCabMUOgDx/","previousCounter":0,"rootKey":"XQmWFvUarChcdjq8wKU41kp2JhPvTS8l8q5oPJFw+vs="},"indexInfo":{"baseKey":"Ba6bLhw74nLbOVEDbeyBLV12MhRE1vecW5tWGU5Q788x","baseKeyType":2,"closed":-1,"used":1746346137183,"created":1746346137183,"remoteIdentityKey":"BSTyQ5qgeKYlOJy3HJmTMiFZ2QzfR1pZQ3/wO6XqpQhL"},"_chains":{"BSNWo1L70dYUadKR2qmKL7qyly8q4eYP9wCabMUOgDx/":{"chainKey":{"counter":0,"key":"UsAB0qcAkBIjTYUHyX6izChkK/09MXaHaScWm9pF7lk="},"chainType":2,"messageKeys":{}},"BUYu2DncfEPZbSW505a/X+qWVDEDujk75sVDtVcHGK4w":{"chainKey":{"counter":-1,"key":"L5h2lRRJgiiahrlq0EdPt6XaJPJvNa5Y7XgoYXCj5nM="},"chainType":1,"messageKeys":{}}}}},"version":"v1"}