{"_sessions":{"BWpvk9eJsKfOJVajXsgb8+5dPq3Xf/eidKncxU85R/d4":{"registrationId":1862364461,"currentRatchet":{"ephemeralKeyPair":{"pubKey":"BZRhwA9kuqZsr9gW/b1De0nC/XA+pAuqCg6TCKfiuDFu","privKey":"UL6aoBIIXsJwgWCsvshIgRBu0U2m+XRIx4IN9NY94FY="},"lastRemoteEphemeralKey":"BbqFYpPW3fxmAo4mOFQdb272THyU3O90IMO18d1DvbkA","previousCounter":0,"rootKey":"nW76+1hhyvy/ayXb8nCDaWFMpcN/avx80PI5kWXuFJE="},"indexInfo":{"baseKey":"BWpvk9eJsKfOJVajXsgb8+5dPq3Xf/eidKncxU85R/d4","baseKeyType":2,"closed":-1,"used":1746342564274,"created":1746342564274,"remoteIdentityKey":"BdQvs6doAdvoi9wgtT285qPzrjwthm4eNV+asdiJbglw"},"_chains":{"BbqFYpPW3fxmAo4mOFQdb272THyU3O90IMO18d1DvbkA":{"chainKey":{"counter":11,"key":"fr4qg847iR9uxyzeZqfTOkr8AJQMpP94jAe+hI4Cydo="},"chainType":2,"messageKeys":{}},"BZRhwA9kuqZsr9gW/b1De0nC/XA+pAuqCg6TCKfiuDFu":{"chainKey":{"counter":27,"key":"ZJ5ir6Yj4OrwV9kghTJejcZdSqj74/vCruMZWa/58Ik="},"chainType":1,"messageKeys":{}}}}},"version":"v1"}