{"_sessions":{"BX4FvLgeE9l34VUsE9ITwZmLiNFYCjbfTTfKaBVhPA4T":{"registrationId":2075016152,"currentRatchet":{"ephemeralKeyPair":{"pubKey":"BfCoOcfbqNhI5sNWUGLbkXBXcZsFbdkxr9zUn5xyWb08","privKey":"aL4y4m9jnhRxUrApwDriflTq2STGEkytjRJxedTNtFo="},"lastRemoteEphemeralKey":"BRXiF+QzSpmv1wvNs3IjNmvkNPeLdD314JKEEzRKUe5U","previousCounter":0,"rootKey":"hi2c9TF1uf6b6DfdCNQcM9ZayeVDGB07Dep2YhO2GWc="},"indexInfo":{"baseKey":"BX4FvLgeE9l34VUsE9ITwZmLiNFYCjbfTTfKaBVhPA4T","baseKeyType":2,"closed":-1,"used":1746347002265,"created":1746347002265,"remoteIdentityKey":"BXFFXT2K37sHJvzdSr6cmt2ptZ7LRJEPX+2/d3Bbe1Ig"},"_chains":{"BRXiF+QzSpmv1wvNs3IjNmvkNPeLdD314JKEEzRKUe5U":{"chainKey":{"counter":0,"key":"zBK2oOBTeQemis8qQPDQHHChyOy6tX7otkDz16fy5HE="},"chainType":2,"messageKeys":{}},"BfCoOcfbqNhI5sNWUGLbkXBXcZsFbdkxr9zUn5xyWb08":{"chainKey":{"counter":-1,"key":"4ZYQqrVDjedWidc5Dt3Ph3r38xWJqJG0fjYPtQ76Ujw="},"chainType":1,"messageKeys":{}}}}},"version":"v1"}