{"_sessions":{"BVEhdP7kooejwfrreLgCALcZ1S89AQcIFrCk0rPbFZwZ":{"registrationId":907652018,"currentRatchet":{"ephemeralKeyPair":{"pubKey":"Bceic9pbFSGgEBwk+pXMelA/mipiQxGYApKIUT/cfOYW","privKey":"MKYFPOKOykdN8rS5K9YAk8h+XRzWW50MiAMDGx8ul1Y="},"lastRemoteEphemeralKey":"Ba8OFXVbfEdOhDAGTnLAhydtB+NwTyrYxZfka9WToUY1","previousCounter":0,"rootKey":"MdCYzOVoD4rU5TxlOgItSQrCWxsYwYxPWEzhnXWKj04="},"indexInfo":{"baseKey":"BVEhdP7kooejwfrreLgCALcZ1S89AQcIFrCk0rPbFZwZ","baseKeyType":2,"closed":-1,"used":1746345267574,"created":1746342647127,"remoteIdentityKey":"BTmQS52aouP51EKVP4OKBdU6HOXaFgT7SnS6yFXwjFh7"},"_chains":{"BZNycyg+gF6r9UYoTMoXA5TTpHKzd5WUnhxqkBWvo0Jf":{"chainKey":{"counter":5},"chainType":2,"messageKeys":{}},"BaJZ4fJO4eaY9JT0U/bNr6hZtitRQ10XjSIwg8aGs4l+":{"chainKey":{"counter":0},"chainType":2,"messageKeys":{}},"BT4LXM8ZcsVTCmmxi9snIqY8Hibs+A5YjtAQBehOEyU0":{"chainKey":{"counter":0},"chainType":2,"messageKeys":{}},"BbPJ45Vjh3nJu0J0UP0KIVnpDvtOYSJxqufgsA2IsOcg":{"chainKey":{"counter":1},"chainType":2,"messageKeys":{}},"BWhB6JEEV6VoHKVvnlXmfTQqA6CippjI0T0fzeQaFXhU":{"chainKey":{"counter":0},"chainType":2,"messageKeys":{}},"BWafwwZTeQftI3bEDNIjg+Ns5bO46PWNUNr6TwOI+gYU":{"chainKey":{"counter":0},"chainType":2,"messageKeys":{}},"BU++fSAyv/p/fvUQ41r8mRmgvMEZa0TDf1cu0ErDhNI5":{"chainKey":{"counter":0},"chainType":2,"messageKeys":{}},"BZW6w3J4XJD6Yp6ng8/bwYplZcsvTcjWhP4M+IQ21j1e":{"chainKey":{"counter":0},"chainType":2,"messageKeys":{}},"BZK3BZGTj0enDYMSTmV1OQDF62oBKEsSvN3T/2ngBaB1":{"chainKey":{"counter":0},"chainType":2,"messageKeys":{}},"BayhWEnnrwQpb5XWiqTcNFqro89wDA6e9L6BLwTExJBk":{"chainKey":{"counter":1},"chainType":2,"messageKeys":{}},"Beo2EIAX3VPkyDrMni6WFPIVeoE6Sz6UZJjpUqaNILR6":{"chainKey":{"counter":0},"chainType":2,"messageKeys":{}},"BQbK5CSbThzFm86AqMkNRSbnyYJPKc2ml0AqRCB8W9IV":{"chainKey":{"counter":2},"chainType":2,"messageKeys":{}},"BZTao5pVm3Y3EDBofP2hPcJ2XxyJ5cUDDhycZHHTmv8H":{"chainKey":{"counter":0},"chainType":2,"messageKeys":{}},"BdY4mozBWscyvCdUeeLWT3cgGzbZbPwo4SAuJYBqPwwD":{"chainKey":{"counter":0},"chainType":2,"messageKeys":{}},"BbPSssG1KDqfeUg9khdbF0anQXaNRE+/vRNP3FZRwZMj":{"chainKey":{"counter":0},"chainType":2,"messageKeys":{}},"BU93HeES0pxC7i1Ig9ODTjjEucyad7Hw4h/KaKlfti0W":{"chainKey":{"counter":0},"chainType":2,"messageKeys":{}},"BSJI18Gp1ceuan0xRGx4bkLta7XNaKsPZs2E7ltZkdBA":{"chainKey":{"counter":0},"chainType":2,"messageKeys":{}},"BbZyqlJhttNw4yVplBHjaEIWm5a9HwjU9uK6XPxiBOVY":{"chainKey":{"counter":0},"chainType":2,"messageKeys":{}},"Ba8OFXVbfEdOhDAGTnLAhydtB+NwTyrYxZfka9WToUY1":{"chainKey":{"counter":0,"key":"yBzjT4+PCVkx12BlJRHHurbR1SgpzOJG/iAcDlPowKA="},"chainType":2,"messageKeys":{}},"Bceic9pbFSGgEBwk+pXMelA/mipiQxGYApKIUT/cfOYW":{"chainKey":{"counter":0,"key":"TIIoPcyPTaLbfpelCZyt1JyreBciMS7mypAMOrSGahI="},"chainType":1,"messageKeys":{}}}}},"version":"v1"}